Block_ID,Type,Value,Probability,Entropy
1,Address,00000000000021f0,0.0010963819395993222,3.459431618637298
1,Instruction,push,0.0010963819395993222,2.663532754804255
1,Left Operand,%rbp,0.000996710854181202,3.121928094887362
1,Right Operand,%rbp,0.000498355427090601,1.9219280948873623
2,Address,0000000000002220,0.0005980265125087212,2.584962500721156
2,Instruction,push,0.0005980265125087212,2.584962500721156
2,Left Operand,%rbp,0.000498355427090601,1.9219280948873623
2,Right Operand,%rbp,9.96710854181202e-05,0.0
3,Address,0000000000002230,0.001395395195853683,3.8073549220576055
3,Instruction,endbr64,0.001395395195853683,3.182005814760214
3,Left Operand,%ebp,0.0011960530250174424,3.4182958340544896
3,Right Operand,%ebp,0.0006976975979268414,2.807354922057604
4,Address,0000000000002260,0.0010963819395993222,3.459431618637298
4,Instruction,lea,0.0010963819395993222,2.9139770731827523
4,Left Operand,0x5ea1(%rip),0.000996710854181202,2.9219280948873623
4,Right Operand,%rdi,0.000498355427090601,0.7219280948873623
5,Address,0000000000002290,0.0015947373666899232,4.0
5,Instruction,lea,0.0015947373666899232,3.5
5,Left Operand,0x5e71(%rip),0.0014950662812718031,3.5068905956085192
5,Right Operand,%rdi,0.0008970397687630818,1.3921472236645345
6,Address,00000000000022d0,0.0015947373666899232,4.0
6,Instruction,endbr64,0.0015947373666899232,3.5
6,Left Operand,$0x0,0.0012957241104355627,3.3927474104487847
6,Right Operand,0x5e2d(%rip),0.000498355427090601,2.321928094887362
7,Address,0000000000002310,0.0002990132562543606,1.584962500721156
7,Instruction,endbr64,0.0002990132562543606,1.584962500721156
7,Left Operand,2290 <register_tm_clones>,0.0001993421708362404,1.0
8,Address,0000000000002320,0.020731585766969002,7.700439718141067
8,Instruction,push,0.020731585766969002,2.539354121826203
8,Left Operand,%rbp,0.020631914681550883,6.401185922337073
8,Right Operand,%rbp,0.012159872421010664,3.7644352059070316
9,Address,00000000000027b0,0.000996710854181202,3.321928094887362
9,Instruction,push,0.000996710854181202,2.846439344671015
9,Left Operand,%rbp,0.0008970397687630818,2.725480556997868
9,Right Operand,%rbp,0.000498355427090601,1.9219280948873623
10,Address,00000000000027d0,0.000996710854181202,3.321928094887362
10,Instruction,push,0.000996710854181202,2.846439344671015
10,Left Operand,%rbp,0.0008970397687630818,2.725480556997868
10,Right Operand,%rbp,0.000498355427090601,1.9219280948873623
11,Address,00000000000027f0,0.000996710854181202,3.321928094887362
11,Instruction,push,0.000996710854181202,2.5219280948873624
11,Left Operand,%rbp,0.0008970397687630818,2.94770277922009
11,Right Operand,%rbp,0.000498355427090601,1.9219280948873623
12,Address,0000000000002810,0.0031894747333798463,5.0
12,Instruction,push,0.0031894747333798463,2.4433269522460908
12,Left Operand,%rbp,0.0030898036479617263,4.220167681284828
12,Right Operand,%rbp,0.0021927638791986444,3.390805482076982
13,Address,0000000000002890,0.0031894747333798463,5.0
13,Instruction,push,0.0031894747333798463,2.4433269522460908
13,Left Operand,%rbp,0.0030898036479617263,4.309035020064295
13,Right Operand,%rbp,0.0021927638791986444,3.390805482076982
14,Address,0000000000002910,0.000996710854181202,3.321928094887362
14,Instruction,push,0.000996710854181202,2.846439344671015
14,Left Operand,%rbp,0.0008970397687630818,2.725480556997868
14,Right Operand,%rbp,0.000498355427090601,1.9219280948873623
15,Address,0000000000002930,0.0012957241104355627,3.7004397181410926
15,Instruction,push,0.0012957241104355627,3.085055102756477
15,Left Operand,%rbp,0.0011960530250174424,3.084962500721156
15,Right Operand,%rbp,0.0006976975979268414,2.521640636343318
16,Address,0000000000002960,0.0012957241104355627,3.7004397181410926
16,Instruction,push,0.0012957241104355627,2.931208948910323
16,Left Operand,%rbp,0.0011960530250174424,3.084962500721156
16,Right Operand,%rbp,0.0007973686833449616,2.5
17,Address,0000000000002990,0.0021927638791986444,4.459431618637295
17,Instruction,push,0.0021927638791986444,3.0717350271381685
17,Left Operand,%rbp,0.0020930927937805243,3.8208888513501886
17,Right Operand,%rbp,0.001395395195853683,3.1820058147602133
18,Address,00000000000029e0,0.0008970397687630818,3.169925001442312
18,Instruction,push,0.0008970397687630818,2.2810361125534233
18,Left Operand,%rbp,0.0007973686833449616,2.5
18,Right Operand,%rbp,0.0003986843416724808,1.5
19,Address,0000000000002a00,0.0012957241104355627,3.7004397181410926
19,Instruction,push,0.0012957241104355627,3.085055102756477
19,Left Operand,%rbp,0.0011960530250174424,3.084962500721156
19,Right Operand,%rbp,0.0006976975979268414,2.521640636343318
20,Address,0000000000002a30,0.0012957241104355627,3.7004397181410926
20,Instruction,push,0.0012957241104355627,2.931208948910323
20,Left Operand,%rbp,0.0011960530250174424,3.084962500721156
20,Right Operand,%rbp,0.0007973686833449616,2.5
21,Address,0000000000002a60,0.0021927638791986444,4.459431618637295
21,Instruction,push,0.0021927638791986444,3.0717350271381685
21,Left Operand,%rbp,0.0020930927937805243,3.8208888513501886
21,Right Operand,%rbp,0.001395395195853683,3.1820058147602133
22,Address,0000000000002ab0,0.0008970397687630818,3.169925001442312
22,Instruction,push,0.0008970397687630818,2.2810361125534233
22,Left Operand,%rbp,0.0007973686833449616,2.5
22,Right Operand,%rbp,0.0003986843416724808,1.5
23,Address,0000000000002ad0,0.000996710854181202,3.321928094887362
23,Instruction,push,0.000996710854181202,2.1609640474436813
23,Left Operand,%rbp,0.0008970397687630818,2.94770277922009
23,Right Operand,%rbp,0.0005980265125087212,2.251629167387823
24,Address,0000000000002af0,0.000996710854181202,3.321928094887362
24,Instruction,push,0.000996710854181202,2.1609640474436813
24,Left Operand,%rbp,0.0008970397687630818,2.94770277922009
24,Right Operand,%rbp,0.0005980265125087212,2.251629167387823
25,Address,0000000000002b10,0.0029901325625436063,4.906890595608519
25,Instruction,push,0.0029901325625436063,2.017947578928571
25,Left Operand,%rbp,0.002890461477125486,4.237291339955158
25,Right Operand,%rbp,0.001993421708362404,3.5414460711655216
26,Address,0000000000002b80,0.000996710854181202,3.321928094887362
26,Instruction,push,0.000996710854181202,2.846439344671015
26,Left Operand,%rbp,0.0008970397687630818,2.725480556997868
26,Right Operand,%rbp,0.000498355427090601,1.9219280948873623
27,Address,0000000000002ba0,0.0012957241104355627,3.7004397181410926
27,Instruction,push,0.0012957241104355627,2.6535442970305683
27,Left Operand,%rbp,0.0011960530250174424,3.084962500721156
27,Right Operand,%rbp,0.0006976975979268414,2.2359263506290326
28,Address,0000000000002bd0,0.000996710854181202,3.321928094887362
28,Instruction,push,0.000996710854181202,2.846439344671015
28,Left Operand,%rbp,0.0008970397687630818,2.725480556997868
28,Right Operand,%rbp,0.000498355427090601,1.9219280948873623
29,Address,0000000000002bf0,0.0010963819395993222,3.459431618637298
29,Instruction,push,0.0010963819395993222,2.59490661824394
29,Left Operand,%rbp,0.0008970397687630818,2.4193819456463714
29,Right Operand,%rbp,0.0005980265125087212,2.584962500721156
30,Address,0000000000002c20,0.0005980265125087212,2.584962500721156
30,Instruction,push,0.0005980265125087212,2.2516291673878226
30,Left Operand,%rbp,0.000498355427090601,1.9219280948873623
30,Right Operand,%rbp,0.0001993421708362404,1.0
31,Address,0000000000002c30,0.000996710854181202,3.321928094887362
31,Instruction,push,0.000996710854181202,2.846439344671015
31,Left Operand,%rbp,0.0008970397687630818,2.725480556997868
31,Right Operand,%rbp,0.000498355427090601,1.9219280948873623
32,Address,0000000000002c50,0.000996710854181202,3.321928094887362
32,Instruction,push,0.000996710854181202,2.846439344671015
32,Left Operand,%rbp,0.0008970397687630818,2.725480556997868
32,Right Operand,%rbp,0.000498355427090601,1.9219280948873623
33,Address,0000000000002c70,0.0012957241104355627,3.7004397181410926
33,Instruction,push,0.0012957241104355627,2.6535442970305683
33,Left Operand,%rbp,0.0011960530250174424,3.084962500721156
33,Right Operand,%rbp,0.0006976975979268414,2.2359263506290326
34,Address,0000000000002ca0,0.000996710854181202,3.321928094887362
34,Instruction,push,0.000996710854181202,2.846439344671015
34,Left Operand,%rbp,0.0008970397687630818,2.725480556997868
34,Right Operand,%rbp,0.000498355427090601,1.9219280948873623
35,Address,0000000000002cc0,0.0010963819395993222,3.459431618637298
35,Instruction,push,0.0010963819395993222,2.59490661824394
35,Left Operand,%rbp,0.0008970397687630818,2.4193819456463714
35,Right Operand,%rbp,0.0005980265125087212,2.584962500721156
36,Address,0000000000002cf0,0.0005980265125087212,2.584962500721156
36,Instruction,push,0.0005980265125087212,2.2516291673878226
36,Left Operand,%rbp,0.000498355427090601,1.9219280948873623
36,Right Operand,%rbp,0.0001993421708362404,1.0
37,Address,0000000000002d00,0.0029901325625436063,4.906890595608519
37,Instruction,push,0.0029901325625436063,2.017947578928571
37,Left Operand,%rbp,0.002890461477125486,4.237291339955158
37,Right Operand,%rbp,0.001993421708362404,3.5414460711655216
38,Address,0000000000002d70,0.0012957241104355627,3.7004397181410926
38,Instruction,push,0.0012957241104355627,2.5073801024236357
38,Left Operand,%rbp,0.0011960530250174424,3.2516291673878226
38,Right Operand,%rbp,0.0007973686833449616,2.75
39,Address,0000000000002da0,0.0006976975979268414,2.807354922057604
39,Instruction,push,0.0006976975979268414,2.1280852788913944
39,Left Operand,%rbp,0.0005980265125087212,2.2516291673878226
39,Right Operand,%rbp,0.0003986843416724808,2.0
40,Address,0000000000002db0,0.0025914482208711253,4.70043971814109
40,Instruction,push,0.0025914482208711253,2.4656044744551613
40,Left Operand,%rbp,0.0024917771354530053,4.243856189774723
40,Right Operand,%rbp,0.0016944084521080434,3.2195282822995477
41,Address,0000000000002e10,0.0003986843416724808,2.0
41,Instruction,push,0.0003986843416724808,1.5
41,Left Operand,%rax,0.0003986843416724808,2.0
42,Address,0000000000002e20,0.0012957241104355627,3.7004397181410926
42,Instruction,push,0.0012957241104355627,2.8073904508767225
42,Left Operand,%rbp,0.0011960530250174424,3.2516291673878226
42,Right Operand,%rbp,0.0006976975979268414,2.521640636343318
43,Address,0000000000002e50,0.001993421708362404,4.321928094887363
43,Instruction,push,0.001993421708362404,2.9219280948873623
43,Left Operand,%rbp,0.0018937506229442839,3.6818808028034025
43,Right Operand,%rbp,0.0011960530250174424,2.418295834054489
44,Address,0000000000002ea0,0.000996710854181202,3.321928094887362
44,Instruction,push,0.000996710854181202,2.846439344671015
44,Left Operand,%rbp,0.0008970397687630818,2.725480556997868
44,Right Operand,%rbp,0.000498355427090601,1.9219280948873623
45,Address,0000000000002ec0,0.0006976975979268414,2.807354922057604
45,Instruction,push,0.0006976975979268414,2.1280852788913944
45,Left Operand,%rbp,0.0005980265125087212,2.2516291673878226
45,Right Operand,%rbp,0.0003986843416724808,2.0
46,Address,0000000000002ed0,0.0017940795375261636,4.169925001442312
46,Instruction,push,0.0017940795375261636,2.584962500721156
46,Left Operand,%rbp,0.0016944084521080434,3.8521687236032816
46,Right Operand,%rbp,0.0012957241104355627,3.3927474104487847
47,Address,0000000000002f10,0.000996710854181202,3.321928094887362
47,Instruction,push,0.000996710854181202,2.846439344671015
47,Left Operand,%rbp,0.0008970397687630818,2.725480556997868
47,Right Operand,%rbp,0.000498355427090601,1.9219280948873623
48,Address,0000000000002f30,0.001395395195853683,3.8073549220576055
48,Instruction,push,0.001395395195853683,2.403677461028802
48,Left Operand,%rbp,0.0012957241104355627,3.3927474104487847
48,Right Operand,%rbp,0.0008970397687630818,2.9477027792200903
49,Address,0000000000002f60,0.0012957241104355627,3.7004397181410926
49,Instruction,push,0.0012957241104355627,2.8073904508767225
49,Left Operand,%rbp,0.0011960530250174424,3.2516291673878226
49,Right Operand,%rbp,0.0006976975979268414,2.521640636343318
50,Address,0000000000002f90,0.0005980265125087212,2.584962500721156
50,Instruction,push,0.0005980265125087212,2.2516291673878226
50,Left Operand,%rbp,0.000498355427090601,1.9219280948873623
50,Right Operand,%rbp,0.0001993421708362404,1.0
51,Address,0000000000002fa0,0.0012957241104355627,3.7004397181410926
51,Instruction,push,0.0012957241104355627,2.5073801024236357
51,Left Operand,%rbp,0.0011960530250174424,3.2516291673878226
51,Right Operand,%rbp,0.0007973686833449616,2.75
52,Address,0000000000002fd0,0.0006976975979268414,2.807354922057604
52,Instruction,push,0.0006976975979268414,2.1280852788913944
52,Left Operand,%rbp,0.0005980265125087212,2.2516291673878226
52,Right Operand,%rbp,0.0003986843416724808,2.0
53,Address,0000000000002fe0,0.002790790391707366,4.807354922057606
53,Instruction,push,0.002790790391707366,2.7321507672063827
53,Left Operand,%rbp,0.0026911193062892453,4.310443057719025
53,Right Operand,%rbp,0.0018937506229442839,3.3005590923909534
54,Address,0000000000003050,0.0012957241104355627,3.7004397181410926
54,Instruction,push,0.0012957241104355627,2.8073904508767225
54,Left Operand,%rbp,0.0011960530250174424,3.2516291673878226
54,Right Operand,%rbp,0.0006976975979268414,2.521640636343318
55,Address,0000000000003080,0.001993421708362404,4.321928094887363
55,Instruction,push,0.001993421708362404,2.9219280948873623
55,Left Operand,%rbp,0.0018937506229442839,3.6818808028034016
55,Right Operand,%rbp,0.0011960530250174424,2.418295834054489
56,Address,00000000000030d0,0.000996710854181202,3.321928094887362
56,Instruction,push,0.000996710854181202,2.846439344671015
56,Left Operand,%rbp,0.0008970397687630818,2.725480556997868
56,Right Operand,%rbp,0.000498355427090601,1.9219280948873623
57,Address,00000000000030f0,0.0006976975979268414,2.807354922057604
57,Instruction,push,0.0006976975979268414,2.1280852788913944
57,Left Operand,%rbp,0.0005980265125087212,2.2516291673878226
57,Right Operand,%rbp,0.0003986843416724808,2.0
58,Address,0000000000003100,0.0017940795375261636,4.169925001442312
58,Instruction,push,0.0017940795375261636,2.584962500721156
58,Left Operand,%rbp,0.0016944084521080434,3.8521687236032816
58,Right Operand,%rbp,0.0012957241104355627,3.3927474104487847
59,Address,0000000000003140,0.000996710854181202,3.321928094887362
59,Instruction,push,0.000996710854181202,2.846439344671015
59,Left Operand,%rbp,0.0008970397687630818,2.725480556997868
59,Right Operand,%rbp,0.000498355427090601,1.9219280948873623
60,Address,0000000000003160,0.001395395195853683,3.8073549220576055
60,Instruction,push,0.001395395195853683,2.403677461028802
60,Left Operand,%rbp,0.0012957241104355627,3.3927474104487847
60,Right Operand,%rbp,0.0008970397687630818,2.9477027792200903
61,Address,0000000000003190,0.0012957241104355627,3.7004397181410926
61,Instruction,push,0.0012957241104355627,2.8073904508767225
61,Left Operand,%rbp,0.0011960530250174424,3.2516291673878226
61,Right Operand,%rbp,0.0006976975979268414,2.521640636343318
62,Address,00000000000031c0,0.000996710854181202,3.321928094887362
62,Instruction,push,0.000996710854181202,2.846439344671015
62,Left Operand,%rbp,0.0008970397687630818,2.725480556997868
62,Right Operand,%rbp,0.000498355427090601,1.9219280948873623
63,Address,00000000000031e0,0.0005980265125087212,2.584962500721156
63,Instruction,push,0.0005980265125087212,2.2516291673878226
63,Left Operand,%rbp,0.000498355427090601,1.9219280948873623
63,Right Operand,%rbp,0.0001993421708362404,1.0
64,Address,00000000000031f0,0.0020930927937805243,4.39231742277876
64,Instruction,push,0.0020930927937805243,2.248529327128576
64,Left Operand,%rbp,0.001993421708362404,3.884183719779189
64,Right Operand,%rbp,0.001395395195853683,3.378783493486176
65,Address,0000000000003240,0.01455197847104555,7.18982455888002
65,Instruction,push,0.01455197847104555,2.0609183853723474
65,Left Operand,%rbp,0.01445230738562743,5.272115608493876
65,Right Operand,%rbp,0.010963819395993222,4.046094181683035
66,Address,00000000000034c0,0.0016944084521080434,4.08746284125034
66,Instruction,push,0.0016944084521080434,2.291620193427939
66,Left Operand,%rbp,0.0015947373666899232,3.625
66,Right Operand,%rbp,0.0010963819395993222,3.095795255000934
67,Address,0000000000003500,0.0006976975979268414,2.807354922057604
67,Instruction,push,0.0006976975979268414,2.1280852788913944
67,Left Operand,%rbp,0.0005980265125087212,2.2516291673878226
67,Right Operand,%rbp,0.0003986843416724808,2.0
68,Address,0000000000003510,0.005880594039669092,5.882643049361836
68,Instruction,push,0.005880594039669092,2.395368160311447
68,Left Operand,%rbp,0.005780922954250972,4.327050175826344
68,Right Operand,%rbp,0.004186185587561049,3.2819592954260224
69,Address,0000000000003600,0.0018937506229442839,4.247927513443583
69,Instruction,push,0.0018937506229442839,2.2890179898186576
69,Left Operand,%rbp,0.0017940795375261636,3.7254805569978675
69,Right Operand,%rbp,0.001395395195853683,2.8073549220576037
70,Address,0000000000003640,0.0021927638791986444,4.459431618637295
70,Instruction,push,0.0021927638791986444,2.8585552118703133
70,Left Operand,%rbp,0.0020930927937805243,3.8801799226757376
70,Right Operand,%rbp,0.0014950662812718031,3.373557262275186
71,Address,0000000000003690,0.0016944084521080434,4.08746284125034
71,Instruction,push,0.0016944084521080434,2.4092672522514684
71,Left Operand,%rbp,0.0015947373666899232,3.75
71,Right Operand,%rbp,0.0010963819395993222,3.277613436819116
72,Address,00000000000036d0,0.0006976975979268414,2.807354922057604
72,Instruction,push,0.0006976975979268414,2.1280852788913944
72,Left Operand,%rbp,0.0005980265125087212,2.2516291673878226
72,Right Operand,%rbp,0.0003986843416724808,2.0
73,Address,00000000000036e0,0.0012957241104355627,3.7004397181410926
73,Instruction,push,0.0012957241104355627,2.8073904508767225
73,Left Operand,%rbp,0.0011960530250174424,3.2516291673878226
73,Right Operand,%rbp,0.0006976975979268414,2.521640636343318
74,Address,0000000000003710,0.0012957241104355627,3.7004397181410926
74,Instruction,push,0.0012957241104355627,2.931208948910323
74,Left Operand,%rbp,0.0011960530250174424,3.2516291673878226
74,Right Operand,%rbp,0.0005980265125087212,1.9182958340544893
75,Address,0000000000003740,0.0010963819395993222,3.459431618637298
75,Instruction,push,0.0010963819395993222,2.40400975732486
75,Left Operand,%rbp,0.000996710854181202,3.121928094887362
75,Right Operand,%rbp,0.0006976975979268414,1.8423709931771084
76,Address,0000000000003760,0.0017940795375261636,4.169925001442312
76,Instruction,push,0.0017940795375261636,2.0558279011639637
76,Left Operand,%rbp,0.0016944084521080434,3.6168746059562227
76,Right Operand,%rbp,0.0011960530250174424,2.125814583693911
77,Address,00000000000037a0,0.002292434964616765,4.523561956057013
77,Instruction,push,0.002292434964616765,2.9894657597463925
77,Left Operand,%rbp,0.0021927638791986444,3.9139770731827506
77,Right Operand,%rbp,0.001395395195853683,2.9852281360342516
78,Address,0000000000003800,0.0006976975979268414,2.807354922057604
78,Instruction,push,0.0006976975979268414,2.1280852788913944
78,Left Operand,%rbp,0.0005980265125087212,2.2516291673878226
78,Right Operand,%rbp,0.0003986843416724808,2.0
79,Address,0000000000003810,0.000996710854181202,3.321928094887362
79,Instruction,push,0.000996710854181202,2.846439344671015
79,Left Operand,%rbp,0.0008970397687630818,2.725480556997868
79,Right Operand,%rbp,0.000498355427090601,1.9219280948873623
80,Address,0000000000003830,0.0017940795375261636,4.169925001442312
80,Instruction,push,0.0017940795375261636,2.0558279011639637
80,Left Operand,%rbp,0.0016944084521080434,3.6168746059562227
80,Right Operand,%rbp,0.0011960530250174424,2.125814583693911
81,Address,0000000000003870,0.000996710854181202,3.321928094887362
81,Instruction,push,0.000996710854181202,2.846439344671015
81,Left Operand,%rbp,0.0008970397687630818,2.725480556997868
81,Right Operand,%rbp,0.000498355427090601,1.9219280948873623
82,Address,0000000000003890,0.0007973686833449616,3.0
82,Instruction,push,0.0007973686833449616,2.75
82,Left Operand,%rbp,0.0006976975979268414,2.5216406363433186
82,Right Operand,%rbp,0.0003986843416724808,2.0
83,Address,00000000000038b0,0.001395395195853683,3.8073549220576055
83,Instruction,push,0.001395395195853683,2.699513850319966
83,Left Operand,%rbp,0.0012957241104355627,3.238901256602631
83,Right Operand,%rbp,0.0008970397687630818,2.9477027792200903
84,Address,00000000000038e0,0.0025914482208711253,4.70043971814109
84,Instruction,push,0.0025914482208711253,2.9612366047228753
84,Left Operand,%rbp,0.0024917771354530053,4.213660689688185
84,Right Operand,%rbp,0.0015947373666899232,2.952819531114783
85,Address,0000000000003950,0.0016944084521080434,4.08746284125034
85,Instruction,push,0.0016944084521080434,2.4092672522514684
85,Left Operand,%rbp,0.0015947373666899232,3.75
85,Right Operand,%rbp,0.0010963819395993222,3.277613436819116
86,Address,0000000000003990,0.0024917771354530053,4.643856189774723
86,Instruction,push,0.0024917771354530053,2.191737433422466
86,Left Operand,%rbp,0.002292434964616765,3.9361804341297555
86,Right Operand,%rbp,0.0015947373666899232,3.375
87,Address,00000000000039f0,0.0032891458187979668,5.044394119358456
87,Instruction,push,0.0032891458187979668,2.310442672093149
87,Left Operand,%rbp,0.0031894747333798463,4.090018266288633
87,Right Operand,%rbp,0.002392106050034885,3.136842188131012
88,Address,0000000000003a70,0.0006976975979268414,2.807354922057604
88,Instruction,push,0.0006976975979268414,2.1280852788913944
88,Left Operand,%rbp,0.0005980265125087212,2.2516291673878226
88,Right Operand,%rbp,0.0003986843416724808,2.0
89,Address,0000000000003a80,0.0025914482208711253,4.70043971814109
89,Instruction,push,0.0025914482208711253,1.7201755527081777
89,Left Operand,%rbp,0.0024917771354530053,3.8594705707972508
89,Right Operand,%rbp,0.0018937506229442839,3.366091329119192
90,Address,0000000000003ae0,0.0020930927937805243,4.39231742277876
90,Instruction,push,0.0020930927937805243,2.248529327128576
90,Left Operand,%rbp,0.001993421708362404,3.884183719779189
90,Right Operand,%rbp,0.001395395195853683,3.378783493486176
91,Address,0000000000003b30,0.0006976975979268414,2.807354922057604
91,Instruction,push,0.0006976975979268414,2.1280852788913944
91,Left Operand,%rbp,0.0005980265125087212,2.2516291673878226
91,Right Operand,%rbp,0.0003986843416724808,2.0
92,Address,0000000000003b40,0.0016944084521080434,4.08746284125034
92,Instruction,push,0.0016944084521080434,2.291620193427939
92,Left Operand,%rbp,0.0015947373666899232,3.625
92,Right Operand,%rbp,0.0010963819395993222,3.095795255000934
93,Address,0000000000003b80,0.0006976975979268414,2.807354922057604
93,Instruction,push,0.0006976975979268414,2.1280852788913944
93,Left Operand,%rbp,0.0005980265125087212,2.2516291673878226
93,Right Operand,%rbp,0.0003986843416724808,2.0
94,Address,0000000000003b90,0.0010963819395993222,3.459431618637298
94,Instruction,push,0.0010963819395993222,2.7321588913645702
94,Left Operand,%rbp,0.0008970397687630818,2.725480556997868
94,Right Operand,%rbp,0.0005980265125087212,2.2516291673878226
95,Address,0000000000003bb0,0.0020930927937805243,4.39231742277876
95,Instruction,push,0.0020930927937805243,2.248529327128576
95,Left Operand,%rbp,0.001993421708362404,3.884183719779189
95,Right Operand,%rbp,0.001395395195853683,3.378783493486176
96,Address,0000000000003c00,0.01455197847104555,7.18982455888002
96,Instruction,push,0.01455197847104555,2.049429919595867
96,Left Operand,%rbp,0.014352636300209309,5.253141134994628
96,Right Operand,%rbp,0.010764477225156981,4.244729786606188
97,Address,0000000000003e80,0.0016944084521080434,4.08746284125034
97,Instruction,push,0.0016944084521080434,2.291620193427939
97,Left Operand,%rbp,0.0015947373666899232,3.625
97,Right Operand,%rbp,0.0010963819395993222,3.095795255000934
98,Address,0000000000003ec0,0.0006976975979268414,2.807354922057604
98,Instruction,push,0.0006976975979268414,2.1280852788913944
98,Left Operand,%rbp,0.0005980265125087212,2.2516291673878226
98,Right Operand,%rbp,0.0003986843416724808,2.0
99,Address,0000000000003ed0,0.0012957241104355627,3.7004397181410926
99,Instruction,push,0.0012957241104355627,2.8073904508767225
99,Left Operand,%rbp,0.0011960530250174424,3.2516291673878226
99,Right Operand,%rbp,0.0006976975979268414,2.521640636343318
100,Address,0000000000003f00,0.0061796072959234526,5.954196310386873
100,Instruction,push,0.0061796072959234526,1.8904774309701482
100,Left Operand,%rbp,0.006079936210505332,4.771244617018614
100,Right Operand,%rbp,0.004385527758397289,3.8564924137968246
101,Address,0000000000003ff0,0.0014950662812718031,3.906890595608518
101,Instruction,push,0.0014950662812718031,2.3068905956085186
101,Left Operand,%rbp,0.001395395195853683,3.2359263506290334
101,Right Operand,%rbp,0.000996710854181202,2.6464393446710157
102,Address,0000000000004020,0.0025914482208711253,4.70043971814109
102,Instruction,push,0.0025914482208711253,2.138772066828485
102,Left Operand,%rbp,0.0024917771354530053,4.323856189774723
102,Right Operand,%rbp,0.0016944084521080434,3.381580488309164
103,Address,0000000000004080,0.000996710854181202,3.321928094887362
103,Instruction,push,0.000996710854181202,2.846439344671015
103,Left Operand,%rbp,0.0008970397687630818,2.725480556997868
103,Right Operand,%rbp,0.000498355427090601,1.9219280948873623
104,Address,00000000000040a0,0.0018937506229442839,4.247927513443583
104,Instruction,push,0.0018937506229442839,1.983740670882855
104,Left Operand,%rbp,0.0016944084521080434,3.734521664779752
104,Right Operand,%rbp,0.001395395195853683,3.521640636343319
105,Address,00000000000040e0,0.0012957241104355627,3.7004397181410926
105,Instruction,push,0.0012957241104355627,3.085055102756477
105,Left Operand,%rbp,0.0011960530250174424,3.084962500721156
105,Right Operand,%rbp,0.0006976975979268414,2.521640636343318
106,Address,0000000000004110,0.0012957241104355627,3.7004397181410926
106,Instruction,push,0.0012957241104355627,2.931208948910323
106,Left Operand,%rbp,0.0011960530250174424,3.084962500721156
106,Right Operand,%rbp,0.0007973686833449616,2.5
107,Address,0000000000004140,0.0014950662812718031,3.906890595608518
107,Instruction,push,0.0014950662812718031,2.3068905956085186
107,Left Operand,%rbp,0.001395395195853683,3.2359263506290334
107,Right Operand,%rbp,0.000996710854181202,2.6464393446710157
108,Address,0000000000004170,0.0012957241104355627,3.7004397181410926
108,Instruction,push,0.0012957241104355627,2.8073904508767225
108,Left Operand,%rbp,0.0011960530250174424,3.2516291673878226
108,Right Operand,%rbp,0.0006976975979268414,2.521640636343318
109,Address,00000000000041a0,0.0006976975979268414,2.807354922057604
109,Instruction,push,0.0006976975979268414,2.1280852788913944
109,Left Operand,%rbp,0.0005980265125087212,2.2516291673878226
109,Right Operand,%rbp,0.0003986843416724808,2.0
110,Address,00000000000041b0,0.001395395195853683,3.8073549220576055
110,Instruction,push,0.001395395195853683,2.2608203181716595
110,Left Operand,%rbp,0.0012957241104355627,3.238901256602631
110,Right Operand,%rbp,0.0008970397687630818,2.725480556997868
111,Address,00000000000041e0,0.002292434964616765,4.523561956057013
111,Instruction,push,0.002292434964616765,2.1190850469784714
111,Left Operand,%rbp,0.0021927638791986444,3.788754913993502
111,Right Operand,%rbp,0.0017940795375261636,3.5032583347756456
112,Address,0000000000004230,0.0018937506229442839,4.247927513443583
112,Instruction,push,0.0018937506229442839,2.2450986816009393
112,Left Operand,%rbp,0.0016944084521080434,3.734521664779752
112,Right Operand,%rbp,0.001395395195853683,3.521640636343319
113,Address,0000000000004270,0.005880594039669092,5.882643049361836
113,Instruction,push,0.005880594039669092,2.590012871791016
113,Left Operand,%rbp,0.005780922954250972,5.057871133807456
113,Right Operand,%rbp,0.0033888169042160868,3.5202801202166847
114,Address,0000000000004360,0.0021927638791986444,4.459431618637295
114,Instruction,push,0.0021927638791986444,3.0717350271381685
114,Left Operand,%rbp,0.0020930927937805243,3.8208888513501886
114,Right Operand,%rbp,0.001395395195853683,3.1820058147602133
115,Address,00000000000043b0,0.0016944084521080434,4.08746284125034
115,Instruction,push,0.0016944084521080434,2.5580510765444573
115,Left Operand,%rbp,0.0015947373666899232,3.625
115,Right Operand,%rbp,0.000996710854181202,2.9219280948873623
116,Address,00000000000043f0,0.0008970397687630818,3.169925001442312
116,Instruction,push,0.0008970397687630818,2.2810361125534233
116,Left Operand,%rbp,0.0007973686833449616,2.5
116,Right Operand,%rbp,0.0003986843416724808,1.5
117,Address,0000000000004410,0.000996710854181202,3.321928094887362
117,Instruction,push,0.000996710854181202,2.1609640474436813
117,Left Operand,%rbp,0.0008970397687630818,2.94770277922009
117,Right Operand,%rbp,0.0005980265125087212,2.251629167387823
118,Address,0000000000004430,0.0006976975979268414,2.807354922057604
118,Instruction,push,0.0006976975979268414,2.1280852788913944
118,Left Operand,%rbp,0.0005980265125087212,2.2516291673878226
118,Right Operand,%rbp,0.0003986843416724808,2.0
119,Address,0000000000004440,0.0010963819395993222,3.459431618637298
119,Instruction,push,0.0010963819395993222,1.6729330318733675
119,Left Operand,%rbp,0.000996710854181202,3.121928094887362
119,Right Operand,%rbp,0.0006976975979268414,2.521640636343318
120,Address,0000000000004460,0.005880594039669092,5.882643049361836
120,Instruction,push,0.005880594039669092,2.395368160311447
120,Left Operand,%rbp,0.005780922954250972,4.327050175826344
120,Right Operand,%rbp,0.004186185587561049,3.2819592954260224
121,Address,0000000000004550,0.0021927638791986444,4.459431618637295
121,Instruction,push,0.0021927638791986444,2.5478976275004666
121,Left Operand,%rbp,0.001993421708362404,3.8219280948873617
121,Right Operand,%rbp,0.001395395195853683,3.039148671903071
122,Address,00000000000045a0,0.0021927638791986444,4.459431618637295
122,Instruction,push,0.0021927638791986444,2.8585552118703133
122,Left Operand,%rbp,0.0020930927937805243,3.8801799226757376
122,Right Operand,%rbp,0.0014950662812718031,3.373557262275186
123,Address,00000000000045f0,0.0016944084521080434,4.08746284125034
123,Instruction,push,0.0016944084521080434,2.4092672522514684
123,Left Operand,%rbp,0.0015947373666899232,3.75
123,Right Operand,%rbp,0.0010963819395993222,3.277613436819116
124,Address,0000000000004630,0.0006976975979268414,2.807354922057604
124,Instruction,push,0.0006976975979268414,2.1280852788913944
124,Left Operand,%rbp,0.0005980265125087212,2.2516291673878226
124,Right Operand,%rbp,0.0003986843416724808,2.0
125,Address,0000000000004640,0.0012957241104355627,3.7004397181410926
125,Instruction,push,0.0012957241104355627,2.8073904508767225
125,Left Operand,%rbp,0.0011960530250174424,3.2516291673878226
125,Right Operand,%rbp,0.0006976975979268414,2.521640636343318
126,Address,0000000000004670,0.0012957241104355627,3.7004397181410926
126,Instruction,push,0.0012957241104355627,2.931208948910323
126,Left Operand,%rbp,0.0011960530250174424,3.2516291673878226
126,Right Operand,%rbp,0.0005980265125087212,1.9182958340544893
127,Address,00000000000046a0,0.001395395195853683,3.8073549220576055
127,Instruction,push,0.001395395195853683,2.699513850319966
127,Left Operand,%rbp,0.0011960530250174424,3.2516291673878226
127,Right Operand,%rbp,0.0006976975979268414,2.235926350629032
128,Address,00000000000046d0,0.0016944084521080434,4.08746284125034
128,Instruction,push,0.0016944084521080434,2.9398290174664026
128,Left Operand,%rbp,0.0015947373666899232,3.5
128,Right Operand,%rbp,0.0010963819395993222,2.913977073182752
129,Address,0000000000004710,0.0006976975979268414,2.807354922057604
129,Instruction,push,0.0006976975979268414,2.1280852788913944
129,Left Operand,%rbp,0.0005980265125087212,2.2516291673878226
129,Right Operand,%rbp,0.0003986843416724808,2.0
130,Address,0000000000004720,0.000996710854181202,3.321928094887362
130,Instruction,push,0.000996710854181202,2.846439344671015
130,Left Operand,%rbp,0.0008970397687630818,2.725480556997868
130,Right Operand,%rbp,0.000498355427090601,1.9219280948873623
131,Address,0000000000004740,0.000996710854181202,3.321928094887362
131,Instruction,push,0.000996710854181202,2.846439344671015
131,Left Operand,%rbp,0.0008970397687630818,2.725480556997868
131,Right Operand,%rbp,0.000498355427090601,1.9219280948873623
132,Address,0000000000004760,0.0007973686833449616,3.0
132,Instruction,push,0.0007973686833449616,2.75
132,Left Operand,%rbp,0.0006976975979268414,2.5216406363433186
132,Right Operand,%rbp,0.0003986843416724808,2.0
133,Address,0000000000004780,0.001395395195853683,3.8073549220576055
133,Instruction,push,0.001395395195853683,2.699513850319966
133,Left Operand,%rbp,0.0012957241104355627,3.238901256602631
133,Right Operand,%rbp,0.0008970397687630818,2.9477027792200903
134,Address,00000000000047b0,0.0025914482208711253,4.70043971814109
134,Instruction,push,0.0025914482208711253,3.1416195253341375
134,Left Operand,%rbp,0.0024917771354530053,4.293660689688185
134,Right Operand,%rbp,0.001395395195853683,2.9502120649147465
135,Address,0000000000004820,0.0016944084521080434,4.08746284125034
135,Instruction,push,0.0016944084521080434,2.4092672522514684
135,Left Operand,%rbp,0.0015947373666899232,3.75
135,Right Operand,%rbp,0.0010963819395993222,3.277613436819116
136,Address,0000000000004860,0.0024917771354530053,4.643856189774723
136,Instruction,push,0.0024917771354530053,2.191737433422466
136,Left Operand,%rbp,0.002292434964616765,3.9361804341297555
136,Right Operand,%rbp,0.0015947373666899232,3.375
137,Address,00000000000048c0,0.0032891458187979668,5.044394119358456
137,Instruction,push,0.0032891458187979668,2.310442672093149
137,Left Operand,%rbp,0.0031894747333798463,4.090018266288633
137,Right Operand,%rbp,0.002392106050034885,3.136842188131012
138,Address,0000000000004940,0.0006976975979268414,2.807354922057604
138,Instruction,push,0.0006976975979268414,2.1280852788913944
138,Left Operand,%rbp,0.0005980265125087212,2.2516291673878226
138,Right Operand,%rbp,0.0003986843416724808,2.0
139,Address,0000000000004950,0.0025914482208711253,4.70043971814109
139,Instruction,push,0.0025914482208711253,1.7201755527081777
139,Left Operand,%rbp,0.0024917771354530053,3.8594705707972503
139,Right Operand,%rbp,0.0018937506229442839,3.366091329119192
140,Address,00000000000049b0,0.0020930927937805243,4.39231742277876
140,Instruction,push,0.0020930927937805243,2.248529327128576
140,Left Operand,%rbp,0.001993421708362404,3.884183719779189
140,Right Operand,%rbp,0.001395395195853683,3.378783493486176
141,Address,0000000000004a00,0.0006976975979268414,2.807354922057604
141,Instruction,push,0.0006976975979268414,2.1280852788913944
141,Left Operand,%rbp,0.0005980265125087212,2.2516291673878226
141,Right Operand,%rbp,0.0003986843416724808,2.0
142,Address,0000000000004a10,0.0016944084521080434,4.08746284125034
142,Instruction,push,0.0016944084521080434,2.291620193427939
142,Left Operand,%rbp,0.0015947373666899232,3.625
142,Right Operand,%rbp,0.0010963819395993222,3.095795255000934
143,Address,0000000000004a50,0.0006976975979268414,2.807354922057604
143,Instruction,push,0.0006976975979268414,2.1280852788913944
143,Left Operand,%rbp,0.0005980265125087212,2.2516291673878226
143,Right Operand,%rbp,0.0003986843416724808,2.0
144,Address,0000000000004a60,0.0012957241104355627,3.7004397181410926
144,Instruction,push,0.0012957241104355627,2.8073904508767225
144,Left Operand,%rbp,0.0011960530250174424,3.2516291673878226
144,Right Operand,%rbp,0.0006976975979268414,2.521640636343318
145,Address,0000000000004a90,0.0012957241104355627,3.7004397181410926
145,Instruction,push,0.0012957241104355627,2.8073904508767225
145,Left Operand,%rbp,0.0011960530250174424,3.2516291673878226
145,Right Operand,%rbp,0.0006976975979268414,2.521640636343318
146,Address,0000000000004ac0,0.0012957241104355627,3.7004397181410926
146,Instruction,push,0.0012957241104355627,2.8073904508767225
146,Left Operand,%rbp,0.0011960530250174424,3.2516291673878226
146,Right Operand,%rbp,0.0006976975979268414,2.521640636343318
147,Address,0000000000004af0,0.0024917771354530053,4.643856189774723
147,Instruction,push,0.0024917771354530053,2.191737433422466
147,Left Operand,%rbp,0.002392106050034885,3.767894147619623
147,Right Operand,%rbp,0.0016944084521080434,3.2639334294856344
148,Address,0000000000004b50,0.0006976975979268414,2.807354922057604
148,Instruction,push,0.0006976975979268414,2.1280852788913944
148,Left Operand,%rbp,0.0005980265125087212,2.2516291673878226
148,Right Operand,%rbp,0.0003986843416724808,2.0
149,Address,0000000000004b60,0.002292434964616765,4.523561956057013
149,Instruction,push,0.002292434964616765,1.5342190211803406
149,Left Operand,%rbp,0.0021927638791986444,3.2312702546075753
149,Right Operand,%rbp,0.0018937506229442839,2.694781460584273
150,Address,0000000000004bc0,0.0010963819395993222,3.459431618637298
150,Instruction,push,0.0010963819395993222,2.7321588913645702
150,Left Operand,%rbp,0.0008970397687630818,2.725480556997868
150,Right Operand,%rbp,0.0005980265125087212,2.2516291673878226
151,Address,0000000000004be0,0.0010963819395993222,3.459431618637298
151,Instruction,push,0.0010963819395993222,1.6729330318733675
151,Left Operand,%rbp,0.000996710854181202,3.121928094887362
151,Right Operand,%rbp,0.0006976975979268414,2.521640636343318
152,Address,0000000000004c00,0.000996710854181202,3.321928094887362
152,Instruction,push,0.000996710854181202,1.3567796494470397
152,Left Operand,%rbp,0.0008970397687630818,2.94770277922009
152,Right Operand,%rbp,0.0006976975979268414,2.521640636343318
